Variable name:,theta
Variable type:,real(8),  0,(e25.17e3)
Variable rank:,  1
Variable dims:,         5





 0.10452318266843208E+001
 0.22895928370645540E+001
 0.12491721318698070E+001
 0.57484077984857100E-001
 0.19346741010053228E+000
